City,ST,"2023
estimate","2020
census",Change,2020 land area,2020 land area,2020 density,2020 density,Location
City,ST,"2023
estimate","2020
census",Change,mi2,km2,/ mi2,/ km2,Location
New York,NY,"8,258,035","8,804,190",−6.20%,300.5,778.3,"29,298","11,312",40°40′N 73°56′W﻿ / ﻿40.66°N 73.94°W﻿ / 40.66; -73.94﻿ (New York City)
Los Angeles,CA,"3,820,914","3,898,747",−2.00%,469.5,"1,216.0","8,304","3,206",34°01′N 118°25′W﻿ / ﻿34.02°N 118.41°W﻿ / 34.02; -118.41﻿ (Los Angeles)
Chicago,IL,"2,664,452","2,746,388",−2.98%,227.7,589.7,"12,061","4,657",41°50′N 87°41′W﻿ / ﻿41.84°N 87.68°W﻿ / 41.84; -87.68﻿ (Chicago)
Houston,TX,"2,314,157","2,304,580",+0.42%,640.4,"1,658.6","3,599","1,390",29°47′N 95°23′W﻿ / ﻿29.79°N 95.39°W﻿ / 29.79; -95.39﻿ (Houston)
Phoenix,AZ,"1,650,070","1,608,139",+2.61%,518.0,"1,341.6","3,105","1,199",33°34′N 112°05′W﻿ / ﻿33.57°N 112.09°W﻿ / 33.57; -112.09﻿ (Phoenix)
Philadelphia,PA,"1,550,542","1,603,797",−3.32%,134.4,348.1,"11,933","4,607",40°01′N 75°08′W﻿ / ﻿40.01°N 75.13°W﻿ / 40.01; -75.13﻿ (Philadelphia)
San Antonio,TX,"1,495,295","1,434,625",+4.23%,498.8,"1,291.9","2,876","1,110",29°28′N 98°31′W﻿ / ﻿29.46°N 98.52°W﻿ / 29.46; -98.52﻿ (San Antonio)
San Diego,CA,"1,388,320","1,386,932",+0.10%,325.9,844.1,"4,256","1,643",32°49′N 117°08′W﻿ / ﻿32.81°N 117.14°W﻿ / 32.81; -117.14﻿ (San Diego)
Dallas,TX,"1,302,868","1,304,379",−0.12%,339.6,879.6,"3,841","1,483",32°47′N 96°46′W﻿ / ﻿32.79°N 96.77°W﻿ / 32.79; -96.77﻿ (Dallas)
Jacksonville,FL,"985,843","949,611",+3.82%,747.3,"1,935.5","1,271",491,30°20′N 81°40′W﻿ / ﻿30.34°N 81.66°W﻿ / 30.34; -81.66﻿ (Jacksonville)
Austin,TX,"979,882","961,855",+1.87%,319.9,828.5,"3,007","1,161",30°18′N 97°45′W﻿ / ﻿30.30°N 97.75°W﻿ / 30.30; -97.75﻿ (Austin)
Fort Worth,TX,"978,468","918,915",+6.48%,347.3,899.5,"2,646","1,022",32°47′N 97°21′W﻿ / ﻿32.78°N 97.35°W﻿ / 32.78; -97.35﻿ (Fort Worth)
San Jose,CA,"969,655","1,013,240",−4.30%,178.3,461.8,"5,683","2,194",37°18′N 121°49′W﻿ / ﻿37.30°N 121.81°W﻿ / 37.30; -121.81﻿ (San Jose)
Columbus,OH,"913,175","905,748",+0.82%,220.0,569.8,"4,117","1,590",39°59′N 82°59′W﻿ / ﻿39.99°N 82.99°W﻿ / 39.99; -82.99﻿ (Columbus)
Charlotte,NC,"911,311","874,579",+4.20%,308.3,798.5,"2,837","1,095",35°13′N 80°50′W﻿ / ﻿35.21°N 80.83°W﻿ / 35.21; -80.83﻿ (Charlotte)
Indianapolis,IN,"879,293","887,642",−0.94%,361.6,936.5,"2,455",948,39°47′N 86°09′W﻿ / ﻿39.78°N 86.15°W﻿ / 39.78; -86.15﻿ (Indianapolis)
San Francisco,CA,"808,988","873,965",−7.43%,46.9,121.5,"18,635","7,195",37°44′N 123°02′W﻿ / ﻿37.73°N 123.03°W﻿ / 37.73; -123.03﻿ (San Francisco)
Seattle,WA,"755,078","737,015",+2.45%,83.8,217.0,"8,795","3,396",47°37′N 122°21′W﻿ / ﻿47.62°N 122.35°W﻿ / 47.62; -122.35﻿ (Seattle)
Denver,CO,"716,577","715,522",+0.15%,153.1,396.5,"4,674","1,805",39°46′N 104°53′W﻿ / ﻿39.76°N 104.88°W﻿ / 39.76; -104.88﻿ (Denver)
Oklahoma City,OK,"702,767","681,054",+3.19%,606.2,"1,570.1","1,123",434,35°28′N 97°31′W﻿ / ﻿35.47°N 97.51°W﻿ / 35.47; -97.51﻿ (Oklahoma City)
Nashville,TN,"687,788","689,447",−0.24%,475.8,"1,232.3","1,449",559,36°10′N 86°47′W﻿ / ﻿36.17°N 86.79°W﻿ / 36.17; -86.79﻿ (Nashville)
Washington,DC,"678,972","689,545",−1.53%,61.1,158.2,"11,286","4,358","38°54′N 77°01′W﻿ / ﻿38.90°N 77.02°W﻿ / 38.90; -77.02﻿ (Washington, D.C.)"
El Paso,TX,"678,958","678,815",+0.02%,258.4,669.3,"2,627","1,014",31°51′N 106°26′W﻿ / ﻿31.85°N 106.43°W﻿ / 31.85; -106.43﻿ (El Paso)
Las Vegas,NV,"660,929","641,903",+2.96%,141.8,367.3,"4,527","1,748",36°14′N 115°16′W﻿ / ﻿36.23°N 115.26°W﻿ / 36.23; -115.26﻿ (Las Vegas)
Boston,MA,"653,833","675,647",−3.23%,48.3,125.1,"13,989","5,401",42°20′N 71°01′W﻿ / ﻿42.34°N 71.02°W﻿ / 42.34; -71.02﻿ (Boston)
Detroit,MI,"633,218","639,111",−0.92%,138.7,359.2,"4,608","1,779",42°23′N 83°06′W﻿ / ﻿42.38°N 83.10°W﻿ / 42.38; -83.10﻿ (Detroit)
Portland,OR,"630,498","652,503",−3.37%,133.5,345.8,"4,888","1,887",45°32′N 122°39′W﻿ / ﻿45.54°N 122.65°W﻿ / 45.54; -122.65﻿ (Portland)
Louisville,KY,"622,981","633,045",−1.59%,324.9,841.5,"1,948",752,38°10′N 85°39′W﻿ / ﻿38.17°N 85.65°W﻿ / 38.17; -85.65﻿ (Louisville)
Memphis,TN,"618,639","633,104",−2.28%,297.0,769.2,"2,132",823,35°07′N 89°58′W﻿ / ﻿35.11°N 89.97°W﻿ / 35.11; -89.97﻿ (Memphis)
Baltimore,MD,"565,239","585,708",−3.49%,80.9,209.5,"7,240","2,800",39°18′N 76°37′W﻿ / ﻿39.30°N 76.61°W﻿ / 39.30; -76.61﻿ (Baltimore)
Milwaukee,WI,"561,385","577,222",−2.74%,96.2,249.2,"6,000","2,300",43°04′N 87°58′W﻿ / ﻿43.06°N 87.97°W﻿ / 43.06; -87.97﻿ (Milwaukee)
Albuquerque,NM,"560,274","564,559",−0.76%,187.3,485.1,"3,014","1,164",35°06′N 106°39′W﻿ / ﻿35.10°N 106.65°W﻿ / 35.10; -106.65﻿ (Albuquerque)
Tucson,AZ,"547,239","542,629",+0.85%,241.0,624.2,"2,252",870,32°09′N 110°52′W﻿ / ﻿32.15°N 110.87°W﻿ / 32.15; -110.87﻿ (Tucson)
Fresno,CA,"545,716","542,107",+0.67%,115.2,298.4,"4,706","1,817",36°47′N 119°47′W﻿ / ﻿36.78°N 119.79°W﻿ / 36.78; -119.79﻿ (Fresno)
Sacramento,CA,"526,384","524,943",+0.27%,98.6,255.4,"5,324","2,056",38°34′N 121°28′W﻿ / ﻿38.57°N 121.47°W﻿ / 38.57; -121.47﻿ (Sacramento)
Mesa,AZ,"511,648","504,258",+1.47%,138.7,359.2,"3,636","1,404",33°24′N 111°43′W﻿ / ﻿33.40°N 111.72°W﻿ / 33.40; -111.72﻿ (Mesa)
Atlanta,GA,"510,823","498,715",+2.43%,135.3,350.4,"3,686","1,423",33°46′N 84°25′W﻿ / ﻿33.76°N 84.42°W﻿ / 33.76; -84.42﻿ (Atlanta)
Kansas City,MO,"510,704","508,090",+0.51%,314.7,815.1,"1,615",624,"39°07′N 94°34′W﻿ / ﻿39.12°N 94.56°W﻿ / 39.12; -94.56﻿ (Kansas City, MO)"
Colorado Springs,CO,"488,664","478,961",+2.03%,195.4,506.1,"2,451",946,38°52′N 104°46′W﻿ / ﻿38.87°N 104.76°W﻿ / 38.87; -104.76﻿ (Colorado Springs)
Omaha,NE,"483,335","486,051",−0.56%,141.6,366.7,"3,433","1,325",41°16′N 96°03′W﻿ / ﻿41.26°N 96.05°W﻿ / 41.26; -96.05﻿ (Omaha)
Raleigh,NC,"482,295","467,665",+3.13%,147.1,381.0,"3,179","1,227",35°50′N 78°38′W﻿ / ﻿35.83°N 78.64°W﻿ / 35.83; -78.64﻿ (Raleigh)
Miami,FL,"455,924","442,241",+3.09%,36.0,93.2,"12,284","4,743",25°47′N 80°13′W﻿ / ﻿25.78°N 80.21°W﻿ / 25.78; -80.21﻿ (Miami)
Virginia Beach,VA,"453,649","459,470",−1.27%,244.7,633.8,"1,878",725,36°47′N 76°02′W﻿ / ﻿36.78°N 76.03°W﻿ / 36.78; -76.03﻿ (Virginia Beach)
Long Beach,CA,"449,468","466,742",−3.70%,50.7,131.3,"9,206","3,554",33°47′N 118°10′W﻿ / ﻿33.78°N 118.17°W﻿ / 33.78; -118.17﻿ (Long Beach)
Oakland,CA,"436,504","440,646",−0.94%,55.9,144.8,"7,883","3,044",37°46′N 122°14′W﻿ / ﻿37.77°N 122.23°W﻿ / 37.77; -122.23﻿ (Oakland)
Minneapolis,MN,"425,115","429,954",−1.13%,54.0,139.9,"7,962","3,074",44°58′N 93°16′W﻿ / ﻿44.96°N 93.27°W﻿ / 44.96; -93.27﻿ (Minneapolis)
Bakersfield,CA,"413,381","403,455",+2.46%,149.8,388.0,"2,693","1,040",35°21′N 119°02′W﻿ / ﻿35.35°N 119.04°W﻿ / 35.35; -119.04﻿ (Bakersfield)
Tulsa,OK,"411,894","413,066",−0.28%,197.5,511.5,"2,091",807,36°08′N 95°54′W﻿ / ﻿36.13°N 95.90°W﻿ / 36.13; -95.90﻿ (Tulsa)
Tampa,FL,"403,364","384,959",+4.78%,114.0,295.3,"3,377","1,304",27°58′N 82°28′W﻿ / ﻿27.97°N 82.47°W﻿ / 27.97; -82.47﻿ (Tampa)
Arlington,TX,"398,431","394,266",+1.06%,95.9,248.4,"4,111","1,587",32°42′N 97°07′W﻿ / ﻿32.70°N 97.12°W﻿ / 32.70; -97.12﻿ (Arlington)
Wichita,KS,"396,119","397,532",−0.36%,162.0,419.6,"2,454",947,37°41′N 97°21′W﻿ / ﻿37.69°N 97.35°W﻿ / 37.69; -97.35﻿ (Wichita)
Aurora,CO,"395,052","386,261",+2.28%,160.1,414.7,"2,413",932,39°42′N 104°43′W﻿ / ﻿39.70°N 104.72°W﻿ / 39.70; -104.72﻿ (Aurora)
New Orleans,LA,"364,136","383,997",−5.17%,169.5,439.0,"2,265",875,30°03′N 89°56′W﻿ / ﻿30.05°N 89.93°W﻿ / 30.05; -89.93﻿ (New Orleans)
Cleveland,OH,"362,656","372,624",−2.68%,77.7,201.2,"4,796","1,852",41°29′N 81°41′W﻿ / ﻿41.48°N 81.68°W﻿ / 41.48; -81.68﻿ (Cleveland)
Honolulu,HI,"341,778","350,964",−2.62%,60.5,156.7,"5,801","2,240",21°19′N 157°51′W﻿ / ﻿21.32°N 157.85°W﻿ / 21.32; -157.85﻿ (Honolulu)
Anaheim,CA,"340,512","346,824",−1.82%,50.3,130.3,"6,895","2,662",33°52′N 117°46′W﻿ / ﻿33.86°N 117.76°W﻿ / 33.86; -117.76﻿ (Anaheim)
Henderson,NV,"337,305","317,610",+6.20%,106.2,275.1,"2,991","1,155",36°01′N 115°02′W﻿ / ﻿36.01°N 115.04°W﻿ / 36.01; -115.04﻿ (Henderson)
Orlando,FL,"320,742","307,573",+4.28%,110.6,286.5,"2,781","1,074",28°25′N 81°15′W﻿ / ﻿28.41°N 81.25°W﻿ / 28.41; -81.25﻿ (Orlando)
Lexington,KY,"320,154","322,570",−0.75%,283.6,734.5,"1,137",439,38°02′N 84°28′W﻿ / ﻿38.04°N 84.46°W﻿ / 38.04; -84.46﻿ (Lexington)
Stockton,CA,"319,543","320,804",−0.39%,62.2,161.1,"5,158","1,992",37°59′N 121°19′W﻿ / ﻿37.98°N 121.31°W﻿ / 37.98; -121.31﻿ (Stockton)
Riverside,CA,"318,858","314,998",+1.23%,81.2,210.3,"3,879","1,498",33°56′N 117°23′W﻿ / ﻿33.94°N 117.39°W﻿ / 33.94; -117.39﻿ (Riverside)
Corpus Christi,TX,"316,595","317,863",−0.40%,162.2,420.1,"1,960",760,27°45′N 97°10′W﻿ / ﻿27.75°N 97.17°W﻿ / 27.75; -97.17﻿ (Corpus Christi)
Irvine,CA,"314,621","307,670",+2.26%,65.6,169.9,"4,690","1,810",33°41′N 117°46′W﻿ / ﻿33.68°N 117.77°W﻿ / 33.68; -117.77﻿ (Irvine)
Cincinnati,OH,"311,097","309,317",+0.58%,77.8,201.5,"3,976","1,535",39°08′N 84°31′W﻿ / ﻿39.14°N 84.51°W﻿ / 39.14; -84.51﻿ (Cincinnati)
Santa Ana,CA,"310,539","310,227",+0.10%,27.3,70.7,"11,364","4,388",33°44′N 117°53′W﻿ / ﻿33.74°N 117.88°W﻿ / 33.74; -117.88﻿ (Santa Ana)
Newark,NJ,"304,960","311,549",−2.11%,24.1,62.4,"12,927","4,991",40°43′N 74°10′W﻿ / ﻿40.72°N 74.17°W﻿ / 40.72; -74.17﻿ (Newark)
Saint Paul,MN,"303,820","311,527",−2.47%,52.0,134.7,"5,991","2,313",44°57′N 93°06′W﻿ / ﻿44.95°N 93.10°W﻿ / 44.95; -93.10﻿ (Saint Paul)
Pittsburgh,PA,"303,255","302,971",+0.09%,55.4,143.5,"5,469","2,112",40°26′N 79°59′W﻿ / ﻿40.44°N 79.98°W﻿ / 40.44; -79.98﻿ (Pittsburgh)
Greensboro,NC,"302,296","299,035",+1.09%,129.6,335.7,"2,307",891,36°06′N 79°50′W﻿ / ﻿36.10°N 79.83°W﻿ / 36.10; -79.83﻿ (Greensboro)
Durham,NC,"296,186","283,506",+4.47%,112.8,292.2,"2,513",970,35°59′N 78°54′W﻿ / ﻿35.98°N 78.90°W﻿ / 35.98; -78.90﻿ (Durham)
Lincoln,NE,"294,757","291,082",+1.26%,97.7,253.0,"2,979","1,150",40°49′N 96°41′W﻿ / ﻿40.81°N 96.68°W﻿ / 40.81; -96.68﻿ (Lincoln)
Jersey City,NJ,"291,657","292,449",−0.27%,14.7,38.1,"19,894","7,681",40°43′N 74°04′W﻿ / ﻿40.71°N 74.06°W﻿ / 40.71; -74.06﻿ (Jersey City)
Plano,TX,"290,190","285,494",+1.64%,71.7,185.7,"3,982","1,537",33°03′N 96°45′W﻿ / ﻿33.05°N 96.75°W﻿ / 33.05; -96.75﻿ (Plano)
Anchorage,AK,"286,075","291,247",−1.78%,"1,706.8","4,420.6",171,66,61°10′N 149°17′W﻿ / ﻿61.17°N 149.28°W﻿ / 61.17; -149.28﻿ (Anchorage)
North Las Vegas,NV,"284,771","262,527",+8.47%,101.3,262.4,"2,592","1,001",36°17′N 115°05′W﻿ / ﻿36.28°N 115.09°W﻿ / 36.28; -115.09﻿ (North Las Vegas)
St. Louis,MO,"281,754","301,578",−6.57%,61.7,159.8,"4,888","1,887",38°38′N 90°14′W﻿ / ﻿38.64°N 90.24°W﻿ / 38.64; -90.24﻿ (St. Louis)
Madison,WI,"280,305","269,840",+3.88%,79.6,206.2,"3,390","1,310",43°05′N 89°26′W﻿ / ﻿43.09°N 89.43°W﻿ / 43.09; -89.43﻿ (Madison)
Chandler,AZ,"280,167","275,987",+1.51%,65.3,169.1,"4,226","1,632",33°17′N 111°51′W﻿ / ﻿33.28°N 111.85°W﻿ / 33.28; -111.85﻿ (Chandler)
Gilbert,AZ,"275,411","267,918",+2.80%,68.6,177.7,"3,906","1,508",33°19′N 111°44′W﻿ / ﻿33.31°N 111.74°W﻿ / 33.31; -111.74﻿ (Gilbert)
Reno,NV,"274,915","264,165",+4.07%,108.8,281.8,"2,428",937,39°33′N 119°51′W﻿ / ﻿39.55°N 119.85°W﻿ / 39.55; -119.85﻿ (Reno)
Buffalo,NY,"274,678","278,349",−1.32%,40.4,104.6,"6,890","2,660",42°53′N 78°52′W﻿ / ﻿42.89°N 78.86°W﻿ / 42.89; -78.86﻿ (Buffalo)
Chula Vista,CA,"274,333","275,487",−0.42%,49.6,128.5,"5,554","2,144",32°38′N 117°01′W﻿ / ﻿32.63°N 117.02°W﻿ / 32.63; -117.02﻿ (Chula Vista)
Fort Wayne,IN,"269,994","263,886",+2.31%,110.7,286.7,"2,384",920,41°05′N 85°08′W﻿ / ﻿41.09°N 85.14°W﻿ / 41.09; -85.14﻿ (Fort Wayne)
Lubbock,TX,"266,878","257,141",+3.79%,134.6,348.6,"1,910",740,33°34′N 101°53′W﻿ / ﻿33.57°N 101.89°W﻿ / 33.57; -101.89﻿ (Lubbock)
Toledo,OH,"265,304","270,871",−2.06%,80.5,208.5,"3,365","1,299",41°40′N 83°35′W﻿ / ﻿41.66°N 83.58°W﻿ / 41.66; -83.58﻿ (Toledo)
St. Petersburg,FL,"263,553","258,308",+2.03%,61.8,160.1,"4,180","1,610",27°46′N 82°38′W﻿ / ﻿27.77°N 82.64°W﻿ / 27.77; -82.64﻿ (St. Petersburg)
Laredo,TX,"257,602","255,205",+0.94%,106.5,275.8,"2,396",925,27°34′N 99°29′W﻿ / ﻿27.56°N 99.49°W﻿ / 27.56; -99.49﻿ (Laredo)
Irving,TX,"254,373","256,684",−0.90%,67.0,173.5,"3,831","1,479",32°52′N 96°58′W﻿ / ﻿32.86°N 96.97°W﻿ / 32.86; -96.97﻿ (Irving)
Chesapeake,VA,"253,886","249,422",+1.79%,338.5,876.7,737,285,36°41′N 76°18′W﻿ / ﻿36.68°N 76.30°W﻿ / 36.68; -76.30﻿ (Chesapeake)
Glendale,AZ,"253,855","248,325",+2.23%,61.6,159.5,"4,031","1,556",33°32′N 112°11′W﻿ / ﻿33.53°N 112.19°W﻿ / 33.53; -112.19﻿ (Glendale)
Winston-Salem,NC,"252,975","249,545",+1.37%,132.7,343.7,"1,881",726,36°06′N 80°16′W﻿ / ﻿36.10°N 80.26°W﻿ / 36.10; -80.26﻿ (Winston-Salem)
Port St. Lucie,FL,"245,021","204,851",+19.61%,119.2,308.7,"1,719",664,27°17′N 80°23′W﻿ / ﻿27.28°N 80.39°W﻿ / 27.28; -80.39﻿ (Port St. Lucie)
Scottsdale,AZ,"244,394","241,361",+1.26%,184.0,476.6,"1,312",507,33°41′N 111°52′W﻿ / ﻿33.68°N 111.86°W﻿ / 33.68; -111.86﻿ (Scottsdale)
Garland,TX,"243,470","246,018",−1.04%,57.1,147.9,"4,309","1,664",32°55′N 96°38′W﻿ / ﻿32.91°N 96.63°W﻿ / 32.91; -96.63﻿ (Garland)
Boise,ID,"235,421","235,684",−0.11%,84.0,217.6,"2,806","1,083",43°36′N 116°14′W﻿ / ﻿43.60°N 116.23°W﻿ / 43.60; -116.23﻿ (Boise)
Norfolk,VA,"230,930","238,005",−2.97%,53.3,138.0,"4,465","1,724",36°55′N 76°14′W﻿ / ﻿36.92°N 76.24°W﻿ / 36.92; -76.24﻿ (Norfolk)
Spokane,WA,"229,447","228,989",+0.20%,68.8,178.2,"3,328","1,285",47°40′N 117°26′W﻿ / ﻿47.67°N 117.43°W﻿ / 47.67; -117.43﻿ (Spokane)
Richmond,VA,"229,247","226,610",+1.16%,59.9,155.1,"3,783","1,461",37°32′N 77°29′W﻿ / ﻿37.53°N 77.48°W﻿ / 37.53; -77.48﻿ (Richmond)
Fremont,CA,"226,208","230,504",−1.86%,78.3,202.8,"2,944","1,137",37°29′N 121°56′W﻿ / ﻿37.49°N 121.94°W﻿ / 37.49; -121.94﻿ (Fremont)
Huntsville,AL,"225,564","215,006",+4.91%,218.1,564.9,986,381,34°47′N 86°32′W﻿ / ﻿34.78°N 86.53°W﻿ / 34.78; -86.53﻿ (Huntsville)
Frisco,TX,"225,007","200,509",+12.22%,68.6,177.7,"2,923","1,129",33°10′N 96°49′W﻿ / ﻿33.16°N 96.82°W﻿ / 33.16; -96.82﻿ (Frisco)
Cape Coral,FL,"224,455","194,016",+15.69%,106.0,274.5,"1,830",710,26°39′N 81°59′W﻿ / ﻿26.65°N 81.99°W﻿ / 26.65; -81.99﻿ (Cape Coral)
Santa Clarita,CA,"224,028","228,673",−2.03%,70.8,183.4,"3,230","1,250",34°25′N 118°29′W﻿ / ﻿34.41°N 118.49°W﻿ / 34.41; -118.49﻿ (Santa Clarita)
San Bernardino,CA,"223,728","222,101",+0.73%,62.1,160.8,"3,577","1,381",34°08′N 117°17′W﻿ / ﻿34.14°N 117.29°W﻿ / 34.14; -117.29﻿ (San Bernardino)
Tacoma,WA,"222,906","219,346",+1.62%,49.7,128.7,"4,413","1,704",47°15′N 122°28′W﻿ / ﻿47.25°N 122.46°W﻿ / 47.25; -122.46﻿ (Tacoma)
Hialeah,FL,"221,300","223,109",−0.81%,21.6,55.9,"10,329","3,988",25°52′N 80°18′W﻿ / ﻿25.87°N 80.30°W﻿ / 25.87; -80.30﻿ (Hialeah)
Baton Rouge,LA,"219,573","227,470",−3.47%,86.3,223.5,"2,636","1,018",30°26′N 91°08′W﻿ / ﻿30.44°N 91.13°W﻿ / 30.44; -91.13﻿ (Baton Rouge)
Modesto,CA,"218,915","218,464",+0.21%,43.0,111.4,"5,081","1,962",37°38′N 121°00′W﻿ / ﻿37.64°N 121.00°W﻿ / 37.64; -121.00﻿ (Modesto)
Fontana,CA,"215,465","208,393",+3.39%,43.1,111.6,"4,835","1,867",34°07′N 117°28′W﻿ / ﻿34.11°N 117.46°W﻿ / 34.11; -117.46﻿ (Fontana)
McKinney,TX,"213,509","195,308",+9.32%,67.0,173.5,"2,915","1,125",33°12′N 96°40′W﻿ / ﻿33.20°N 96.66°W﻿ / 33.20; -96.66﻿ (McKinney)
Moreno Valley,CA,"212,392","208,634",+1.80%,51.3,132.9,"4,067","1,570",33°55′N 117°13′W﻿ / ﻿33.92°N 117.21°W﻿ / 33.92; -117.21﻿ (Moreno Valley)
Des Moines,IA,"210,381","214,133",−1.75%,88.2,228.4,"2,428",937,41°34′N 93°37′W﻿ / ﻿41.57°N 93.61°W﻿ / 41.57; -93.61﻿ (Des Moines)
Fayetteville,NC,"209,749","208,501",+0.60%,148.3,384.1,"1,406",543,"35°05′N 78°58′W﻿ / ﻿35.08°N 78.97°W﻿ / 35.08; -78.97﻿ (Fayetteville, NC)"
Salt Lake City,UT,"209,593","199,723",+4.94%,110.3,285.7,"1,811",699,40°47′N 111°56′W﻿ / ﻿40.78°N 111.93°W﻿ / 40.78; -111.93﻿ (Salt Lake City)
Yonkers,NY,"207,657","211,569",−1.85%,18.0,46.6,"11,754","4,538",40°57′N 73°52′W﻿ / ﻿40.95°N 73.87°W﻿ / 40.95; -73.87﻿ (Yonkers)
Worcester,MA,"207,621","206,518",+0.53%,37.4,96.9,"5,522","2,132",42°16′N 71°49′W﻿ / ﻿42.27°N 71.81°W﻿ / 42.27; -71.81﻿ (Worcester)
Rochester,NY,"207,274","211,328",−1.92%,35.8,92.7,"5,903","2,279",43°10′N 77°37′W﻿ / ﻿43.17°N 77.62°W﻿ / 43.17; -77.62﻿ (Rochester)
Sioux Falls,SD,"206,410","192,517",+7.22%,79.1,204.9,"2,434",940,43°32′N 96°44′W﻿ / ﻿43.54°N 96.73°W﻿ / 43.54; -96.73﻿ (Sioux Falls)
Little Rock,AR,"203,842","202,591",+0.62%,120.0,310.8,"1,688",652,34°43′N 92°22′W﻿ / ﻿34.72°N 92.36°W﻿ / 34.72; -92.36﻿ (Little Rock)
Amarillo,TX,"202,408","200,393",+1.01%,102.3,265.0,"1,959",756,35°12′N 101°50′W﻿ / ﻿35.20°N 101.83°W﻿ / 35.20; -101.83﻿ (Amarillo)
Tallahassee,FL,"202,221","196,169",+3.09%,100.9,261.3,"1,944",751,30°28′N 84°15′W﻿ / ﻿30.46°N 84.25°W﻿ / 30.46; -84.25﻿ (Tallahassee)
Grand Prairie,TX,"202,134","196,100",+3.08%,72.6,188.0,"2,701","1,043",32°41′N 97°01′W﻿ / ﻿32.69°N 97.02°W﻿ / 32.69; -97.02﻿ (Grand Prairie)
Columbus,GA,"201,877","206,922",−2.44%,216.5,560.7,956,369,32°31′N 84°52′W﻿ / ﻿32.51°N 84.87°W﻿ / 32.51; -84.87﻿ (Columbus)
Augusta,GA,"200,884","202,081",−0.59%,302.3,783.0,668,258,33°22′N 82°04′W﻿ / ﻿33.37°N 82.07°W﻿ / 33.37; -82.07﻿ (Augusta)
Peoria,AZ,"198,750","190,985",+4.07%,176.1,456.1,"1,085",419,33°47′N 112°19′W﻿ / ﻿33.79°N 112.31°W﻿ / 33.79; -112.31﻿ (Peoria)
Oxnard,CA,"198,488","202,063",−1.77%,26.5,68.6,"7,625","2,944",34°12′N 119°13′W﻿ / ﻿34.20°N 119.21°W﻿ / 34.20; -119.21﻿ (Oxnard)
Knoxville,TN,"198,162","190,740",+3.89%,98.7,255.6,"1,933",746,35°58′N 83°57′W﻿ / ﻿35.97°N 83.95°W﻿ / 35.97; -83.95﻿ (Knoxville)
Overland Park,KS,"197,089","197,238",−0.08%,75.2,194.8,"2,623","1,013",38°53′N 94°41′W﻿ / ﻿38.89°N 94.69°W﻿ / 38.89; -94.69﻿ (Overland Park)
Birmingham,AL,"196,644","200,733",−2.04%,147.0,380.7,"1,366",527,33°32′N 86°48′W﻿ / ﻿33.53°N 86.80°W﻿ / 33.53; -86.80﻿ (Birmingham)
Grand Rapids,MI,"196,608","198,917",−1.16%,44.8,116.0,"4,440","1,710",42°58′N 85°40′W﻿ / ﻿42.96°N 85.66°W﻿ / 42.96; -85.66﻿ (Grand Rapids)
Vancouver,WA,"196,442","190,915",+2.90%,48.7,126.1,"3,920","1,510",45°38′N 122°36′W﻿ / ﻿45.64°N 122.60°W﻿ / 45.64; -122.60﻿ (Vancouver)
Montgomery,AL,"195,287","200,603",−2.65%,159.9,414.1,"1,255",485,32°21′N 86°16′W﻿ / ﻿32.35°N 86.27°W﻿ / 32.35; -86.27﻿ (Montgomery)
Huntington Beach,CA,"192,129","198,711",−3.31%,27.0,69.9,"7,360","2,840",33°42′N 118°00′W﻿ / ﻿33.70°N 118.00°W﻿ / 33.70; -118.00﻿ (Huntington Beach)
Providence,RI,"190,792","190,934",−0.07%,18.4,47.7,"10,377","4,007",41°49′N 71°25′W﻿ / ﻿41.82°N 71.42°W﻿ / 41.82; -71.42﻿ (Providence)
Brownsville,TX,"190,158","186,738",+1.83%,131.5,340.6,"1,420",550,26°00′N 97°27′W﻿ / ﻿26.00°N 97.45°W﻿ / 26.00; -97.45﻿ (Brownsville)
Tempe,AZ,"189,834","180,587",+5.12%,39.9,103.3,"4,526","1,747",33°23′N 111°56′W﻿ / ﻿33.39°N 111.93°W﻿ / 33.39; -111.93﻿ (Tempe)
Akron,OH,"188,701","190,469",−0.93%,61.9,160.3,"3,077","1,188",41°05′N 81°31′W﻿ / ﻿41.08°N 81.52°W﻿ / 41.08; -81.52﻿ (Akron)
Glendale,CA,"187,050","196,543",−4.83%,30.5,79.0,"6,444","2,488",34°11′N 118°15′W﻿ / ﻿34.18°N 118.25°W﻿ / 34.18; -118.25﻿ (Glendale)
Chattanooga,TN,"187,030","181,099",+3.28%,142.4,368.8,"1,272",491,35°04′N 85°15′W﻿ / ﻿35.07°N 85.25°W﻿ / 35.07; -85.25﻿ (Chattanooga)
Fort Lauderdale,FL,"184,255","182,760",+0.82%,34.6,89.6,"5,282","2,039",26°08′N 80°09′W﻿ / ﻿26.14°N 80.15°W﻿ / 26.14; -80.15﻿ (Fort Lauderdale)
Newport News,VA,"183,118","186,247",−1.68%,69.0,178.7,"2,699","1,042",37°05′N 76°31′W﻿ / ﻿37.08°N 76.52°W﻿ / 37.08; -76.52﻿ (Newport News)
Mobile,AL,"182,595","187,041",−2.38%,139.5,361.3,"1,341",518,30°40′N 88°06′W﻿ / ﻿30.67°N 88.10°W﻿ / 30.67; -88.10﻿ (Mobile)
Ontario,CA,"182,457","175,265",+4.10%,50.0,129.5,"3,505","1,353",34°02′N 117°36′W﻿ / ﻿34.04°N 117.60°W﻿ / 34.04; -117.60﻿ (Ontario)
Clarksville,TN,"180,716","166,722",+8.39%,99.4,257.4,"1,677",647,36°34′N 87°21′W﻿ / ﻿36.57°N 87.35°W﻿ / 36.57; -87.35﻿ (Clarksville)
Cary,NC,"180,010","174,721",+3.03%,59.2,153.3,"2,951","1,139",35°47′N 78°49′W﻿ / ﻿35.78°N 78.82°W﻿ / 35.78; -78.82﻿ (Cary)
Elk Grove,CA,"178,444","176,124",+1.32%,42.0,108.8,"4,193","1,619",38°25′N 121°23′W﻿ / ﻿38.41°N 121.38°W﻿ / 38.41; -121.38﻿ (Elk Grove)
Shreveport,LA,"177,959","187,593",−5.14%,107.8,279.2,"1,740",670,32°28′N 93°47′W﻿ / ﻿32.47°N 93.79°W﻿ / 32.47; -93.79﻿ (Shreveport)
Eugene,OR,"177,899","176,654",+0.70%,44.2,114.5,"3,997","1,543",44°04′N 123°07′W﻿ / ﻿44.06°N 123.12°W﻿ / 44.06; -123.12﻿ (Eugene)
Aurora,IL,"177,563","180,542",−1.65%,45.0,116.5,"4,012","1,549",41°46′N 88°17′W﻿ / ﻿41.76°N 88.29°W﻿ / 41.76; -88.29﻿ (Aurora)
Salem,OR,"177,432","175,535",+1.08%,48.8,126.4,"3,597","1,389",44°55′N 123°01′W﻿ / ﻿44.92°N 123.02°W﻿ / 44.92; -123.02﻿ (Salem)
Santa Rosa,CA,"175,845","178,127",−1.28%,42.5,110.1,"4,191","1,618",38°27′N 122°43′W﻿ / ﻿38.45°N 122.71°W﻿ / 38.45; -122.71﻿ (Santa Rosa)
Rancho Cucamonga,CA,"174,405","174,453",−0.03%,40.1,103.9,"4,350","1,680",34°07′N 117°34′W﻿ / ﻿34.12°N 117.56°W﻿ / 34.12; -117.56﻿ (Rancho Cucamonga)
Pembroke Pines,FL,"171,119","171,178",−0.03%,32.7,84.7,"5,235","2,021",26°01′N 80°20′W﻿ / ﻿26.01°N 80.34°W﻿ / 26.01; -80.34﻿ (Pembroke Pines)
Fort Collins,CO,"170,376","169,810",+0.33%,57.2,148.1,"2,969","1,146",40°33′N 105°04′W﻿ / ﻿40.55°N 105.06°W﻿ / 40.55; -105.06﻿ (Fort Collins)
Springfield,MO,"170,188","169,176",+0.60%,82.4,213.4,"2,053",793,37°11′N 93°17′W﻿ / ﻿37.19°N 93.29°W﻿ / 37.19; -93.29﻿ (Springfield)
Oceanside,CA,"170,020","174,068",−2.33%,41.3,107.0,"4,215","1,627",33°13′N 117°19′W﻿ / ﻿33.22°N 117.31°W﻿ / 33.22; -117.31﻿ (Oceanside)
Garden Grove,CA,"168,234","171,949",−2.16%,18.0,46.6,"9,553","3,688",33°47′N 117°58′W﻿ / ﻿33.78°N 117.96°W﻿ / 33.78; -117.96﻿ (Garden Grove)
Lancaster,CA,"166,236","173,516",−4.20%,94.3,244.2,"1,840",710,34°41′N 118°11′W﻿ / ﻿34.69°N 118.18°W﻿ / 34.69; -118.18﻿ (Lancaster)
Murfreesboro,TN,"165,430","152,769",+8.29%,62.9,162.9,"2,429",938,35°51′N 86°25′W﻿ / ﻿35.85°N 86.42°W﻿ / 35.85; -86.42﻿ (Murfreesboro)
Palmdale,CA,"161,404","169,450",−4.75%,106.1,274.8,"1,597",617,34°35′N 118°07′W﻿ / ﻿34.59°N 118.11°W﻿ / 34.59; -118.11﻿ (Palmdale)
Corona,CA,"160,238","157,136",+1.97%,39.9,103.3,"3,938","1,520",33°52′N 117°34′W﻿ / ﻿33.86°N 117.57°W﻿ / 33.86; -117.57﻿ (Corona)
Killeen,TX,"159,643","153,095",+4.28%,54.8,141.9,"2,794","1,079",31°05′N 97°44′W﻿ / ﻿31.08°N 97.73°W﻿ / 31.08; -97.73﻿ (Killeen)
Salinas,CA,"159,506","163,542",−2.47%,23.5,60.9,"6,959","2,687",36°41′N 121°38′W﻿ / ﻿36.69°N 121.63°W﻿ / 36.69; -121.63﻿ (Salinas)
Roseville,CA,"159,135","147,773",+7.69%,44.1,114.2,"3,351","1,294",38°46′N 121°19′W﻿ / ﻿38.77°N 121.32°W﻿ / 38.77; -121.32﻿ (Roseville)
Denton,TX,"158,349","139,869",+13.21%,96.4,249.7,"1,451",560,33°13′N 97°08′W﻿ / ﻿33.22°N 97.14°W﻿ / 33.22; -97.14﻿ (Denton)
Surprise,AZ,"158,285","143,148",+10.57%,110.3,285.7,"1,298",501,33°40′N 112°27′W﻿ / ﻿33.67°N 112.45°W﻿ / 33.67; -112.45﻿ (Surprise)
Macon,GA,"156,512","157,346",−0.53%,249.4,645.9,631,244,32°49′N 83°41′W﻿ / ﻿32.81°N 83.69°W﻿ / 32.81; -83.69﻿ (Macon)
Paterson,NJ,"156,452","159,732",−2.05%,8.4,21.8,"19,016","7,342",40°55′N 74°10′W﻿ / ﻿40.91°N 74.16°W﻿ / 40.91; -74.16﻿ (Paterson)
Lakewood,CO,"155,961","155,984",−0.01%,43.5,112.7,"3,586","1,385",39°42′N 105°07′W﻿ / ﻿39.70°N 105.12°W﻿ / 39.70; -105.12﻿ (Lakewood)
Hayward,CA,"155,675","162,954",−4.47%,45.8,118.6,"3,558","1,374",37°38′N 122°06′W﻿ / ﻿37.63°N 122.10°W﻿ / 37.63; -122.10﻿ (Hayward)
Charleston,SC,"155,369","150,227",+3.42%,114.8,297.3,"1,309",505,32°50′N 79°58′W﻿ / ﻿32.83°N 79.97°W﻿ / 32.83; -79.97﻿ (Charleston)
Alexandria,VA,"155,230","159,467",−2.66%,14.9,38.6,"10,702","4,132",38°49′N 77°05′W﻿ / ﻿38.82°N 77.08°W﻿ / 38.82; -77.08﻿ (Alexandria)
Hollywood,FL,"153,859","153,067",+0.52%,27.3,70.7,"5,607","2,165",26°02′N 80°10′W﻿ / ﻿26.03°N 80.16°W﻿ / 26.03; -80.16﻿ (Hollywood)
Springfield,MA,"153,672","155,929",−1.45%,31.9,82.6,"4,888","1,887",42°07′N 72°32′W﻿ / ﻿42.12°N 72.54°W﻿ / 42.12; -72.54﻿ (Springfield)
Kansas City,KS,"152,933","156,607",−2.35%,124.7,323.0,"1,256",485,39°07′N 94°44′W﻿ / ﻿39.12°N 94.74°W﻿ / 39.12; -94.74﻿ (Kansas City)
Sunnyvale,CA,"151,967","155,805",−2.46%,22.1,57.2,"7,050","2,720",37°23′N 122°02′W﻿ / ﻿37.39°N 122.03°W﻿ / 37.39; -122.03﻿ (Sunnyvale)
Bellevue,WA,"151,574","151,854",−0.18%,33.5,86.8,"4,533","1,750",47°36′N 122°10′W﻿ / ﻿47.60°N 122.16°W﻿ / 47.60; -122.16﻿ (Bellevue)
Joliet,IL,"150,489","150,362",+0.08%,64.5,167.1,"2,331",900,41°31′N 88°09′W﻿ / ﻿41.52°N 88.15°W﻿ / 41.52; -88.15﻿ (Joliet)
Naperville,IL,"150,245","149,540",+0.47%,39.1,101.3,"3,825","1,477",41°45′N 88°10′W﻿ / ﻿41.75°N 88.16°W﻿ / 41.75; -88.16﻿ (Naperville)
Escondido,CA,"148,122","151,038",−1.93%,37.3,96.6,"4,049","1,563",33°08′N 117°04′W﻿ / ﻿33.13°N 117.07°W﻿ / 33.13; -117.07﻿ (Escondido)
Bridgeport,CT,"148,028","148,654",−0.42%,16.1,41.7,"9,233","3,565",41°11′N 73°12′W﻿ / ﻿41.19°N 73.20°W﻿ / 41.19; -73.20﻿ (Bridgeport)
Savannah,GA,"147,748","147,780",−0.02%,106.8,276.6,"1,384",534,32°00′N 81°09′W﻿ / ﻿32.00°N 81.15°W﻿ / 32.00; -81.15﻿ (Savannah)
Olathe,KS,"147,461","141,290",+4.37%,61.9,160.3,"2,283",881,38°53′N 94°49′W﻿ / ﻿38.88°N 94.82°W﻿ / 38.88; -94.82﻿ (Olathe)
Mesquite,TX,"147,317","150,108",−1.86%,48.5,125.6,"3,095","1,195",32°46′N 96°35′W﻿ / ﻿32.76°N 96.59°W﻿ / 32.76; -96.59﻿ (Mesquite)
Pasadena,TX,"146,716","151,950",−3.44%,43.7,113.2,"3,477","1,342",29°39′N 95°09′W﻿ / ﻿29.65°N 95.15°W﻿ / 29.65; -95.15﻿ (Pasadena)
McAllen,TX,"146,593","142,210",+3.08%,62.3,161.4,"2,283",881,26°13′N 98°15′W﻿ / ﻿26.22°N 98.25°W﻿ / 26.22; -98.25﻿ (McAllen)
Rockford,IL,"146,120","148,655",−1.71%,64.5,167.1,"2,305",890,42°16′N 89°04′W﻿ / ﻿42.26°N 89.06°W﻿ / 42.26; -89.06﻿ (Rockford)
Gainesville,FL,"145,812","141,085",+3.35%,63.2,163.7,"2,232",862,29°41′N 82°21′W﻿ / ﻿29.68°N 82.35°W﻿ / 29.68; -82.35﻿ (Gainesville)
Syracuse,NY,"145,560","148,620",−2.06%,25.1,65.0,"5,921","2,286",43°02′N 76°08′W﻿ / ﻿43.04°N 76.14°W﻿ / 43.04; -76.14﻿ (Syracuse)
Pomona,CA,"145,502","151,713",−4.09%,23.0,59.6,"6,596","2,547",34°04′N 117°46′W﻿ / ﻿34.06°N 117.76°W﻿ / 34.06; -117.76﻿ (Pomona)
Visalia,CA,"144,998","141,384",+2.56%,37.9,98.2,"3,730","1,440",36°20′N 119°20′W﻿ / ﻿36.33°N 119.33°W﻿ / 36.33; -119.33﻿ (Visalia)
Thornton,CO,"144,922","141,867",+2.15%,35.9,93.0,"3,952","1,526",39°55′N 104°56′W﻿ / ﻿39.92°N 104.94°W﻿ / 39.92; -104.94﻿ (Thornton)
Waco,TX,"144,816","138,486",+4.57%,88.7,229.7,"1,561",603,31°34′N 97°11′W﻿ / ﻿31.56°N 97.19°W﻿ / 31.56; -97.19﻿ (Waco)
Jackson,MS,"143,709","153,701",−6.50%,111.7,289.3,"1,376",531,32°19′N 90°13′W﻿ / ﻿32.32°N 90.21°W﻿ / 32.32; -90.21﻿ (Jackson)
Columbia,SC,"142,416","136,632",+4.23%,136.8,354.3,999,386,34°02′N 80°55′W﻿ / ﻿34.04°N 80.91°W﻿ / 34.04; -80.91﻿ (Columbia)
Lakewood,NJ,"139,866","135,158",+3.48%,24.7,64.0,"5,472","2,113",40°05′N 74°12′W﻿ / ﻿40.08°N 74.20°W﻿ / 40.08; -74.20﻿ (Lakewood)
Fullerton,CA,"139,250","143,617",−3.04%,22.4,58.0,"6,411","2,475",33°53′N 117°56′W﻿ / ﻿33.89°N 117.93°W﻿ / 33.89; -117.93﻿ (Fullerton)
Torrance,CA,"139,224","147,067",−5.33%,20.5,53.1,"7,174","2,770",33°50′N 118°22′W﻿ / ﻿33.83°N 118.36°W﻿ / 33.83; -118.36﻿ (Torrance)
Victorville,CA,"138,869","134,810",+3.01%,73.7,190.9,"1,829",706,34°32′N 117°21′W﻿ / ﻿34.53°N 117.35°W﻿ / 34.53; -117.35﻿ (Victorville)
Midland,TX,"138,397","132,524",+4.43%,75.5,195.5,"1,755",678,32°01′N 102°07′W﻿ / ﻿32.02°N 102.11°W﻿ / 32.02; -102.11﻿ (Midland)
Orange,CA,"138,337","139,911",−1.13%,25.7,66.6,"5,444","2,102",33°47′N 117°52′W﻿ / ﻿33.79°N 117.86°W﻿ / 33.79; -117.86﻿ (Orange)
Miramar,FL,"138,319","134,721",+2.67%,28.9,74.9,"4,662","1,800",25°58′N 80°20′W﻿ / ﻿25.97°N 80.34°W﻿ / 25.97; -80.34﻿ (Miramar)
Hampton,VA,"137,098","137,148",−0.04%,51.5,133.4,"2,663","1,028",37°03′N 76°18′W﻿ / ﻿37.05°N 76.30°W﻿ / 37.05; -76.30﻿ (Hampton)
Warren,MI,"136,655","139,387",−1.96%,34.4,89.1,"4,052","1,564",42°29′N 83°02′W﻿ / ﻿42.49°N 83.03°W﻿ / 42.49; -83.03﻿ (Warren)
Stamford,CT,"136,226","135,470",+0.56%,37.6,97.4,"3,603","1,391",41°05′N 73°33′W﻿ / ﻿41.08°N 73.55°W﻿ / 41.08; -73.55﻿ (Stamford)
Cedar Rapids,IA,"135,958","137,710",−1.27%,72.1,186.7,"1,910",740,41°58′N 91°41′W﻿ / ﻿41.97°N 91.68°W﻿ / 41.97; -91.68﻿ (Cedar Rapids)
Elizabeth,NJ,"135,829","137,298",−1.07%,12.3,31.9,"11,162","4,310",40°40′N 74°11′W﻿ / ﻿40.67°N 74.19°W﻿ / 40.67; -74.19﻿ (Elizabeth)
Palm Bay,FL,"135,566","119,760",+13.20%,86.4,223.8,"1,386",535,27°58′N 80°40′W﻿ / ﻿27.96°N 80.66°W﻿ / 27.96; -80.66﻿ (Palm Bay)
Dayton,OH,"135,512","137,644",−1.55%,55.8,144.5,"2,467",953,39°47′N 84°12′W﻿ / ﻿39.78°N 84.20°W﻿ / 39.78; -84.20﻿ (Dayton)
New Haven,CT,"135,319","134,023",+0.97%,18.7,48.4,"7,167","2,767",41°19′N 72°55′W﻿ / ﻿41.31°N 72.92°W﻿ / 41.31; -72.92﻿ (New Haven)
Coral Springs,FL,"134,906","134,394",+0.38%,22.9,59.3,"5,869","2,266",26°16′N 80°16′W﻿ / ﻿26.27°N 80.26°W﻿ / 26.27; -80.26﻿ (Coral Springs)
Meridian,ID,"134,801","117,635",+14.59%,35.1,90.9,"3,351","1,294",43°37′N 116°24′W﻿ / ﻿43.61°N 116.40°W﻿ / 43.61; -116.40﻿ (Meridian)
West Valley City,UT,"134,470","140,230",−4.11%,35.8,92.7,"3,917","1,512",40°41′N 112°01′W﻿ / ﻿40.69°N 112.01°W﻿ / 40.69; -112.01﻿ (West Valley City)
Pasadena,CA,"133,560","138,699",−3.71%,23.0,59.6,"6,030","2,330",34°10′N 118°08′W﻿ / ﻿34.16°N 118.14°W﻿ / 34.16; -118.14﻿ (Pasadena)
Lewisville,TX,"133,553","111,822",+19.43%,37.0,95.8,"3,022","1,167",33°03′N 96°59′W﻿ / ﻿33.05°N 96.98°W﻿ / 33.05; -96.98﻿ (Lewisville)
Kent,WA,"133,378","136,588",−2.35%,33.8,87.5,"4,041","1,560",47°23′N 122°13′W﻿ / ﻿47.39°N 122.21°W﻿ / 47.39; -122.21﻿ (Kent)
Sterling Heights,MI,"133,306","134,346",−0.77%,36.4,94.3,"3,691","1,425",42°35′N 83°02′W﻿ / ﻿42.58°N 83.03°W﻿ / 42.58; -83.03﻿ (Sterling Heights)
Fargo,ND,"133,188","125,990",+5.71%,49.8,129.0,"2,530",980,46°52′N 96°50′W﻿ / ﻿46.86°N 96.83°W﻿ / 46.86; -96.83﻿ (Fargo)
Carrollton,TX,"132,918","133,434",−0.39%,36.7,95.1,"3,636","1,404",32°59′N 96°54′W﻿ / ﻿32.99°N 96.90°W﻿ / 32.99; -96.90﻿ (Carrollton)
Santa Clara,CA,"131,062","127,647",+2.68%,18.3,47.4,"6,975","2,693",37°22′N 121°58′W﻿ / ﻿37.36°N 121.97°W﻿ / 37.36; -121.97﻿ (Santa Clara)
Round Rock,TX,"130,406","119,468",+9.16%,37.6,97.4,"3,177","1,227",30°32′N 97°40′W﻿ / ﻿30.53°N 97.66°W﻿ / 30.53; -97.66﻿ (Round Rock)
Norman,OK,"130,046","128,026",+1.58%,178.8,463.1,716,276,35°14′N 97°21′W﻿ / ﻿35.24°N 97.35°W﻿ / 35.24; -97.35﻿ (Norman)
Columbia,MO,"129,330","126,254",+2.44%,66.5,172.2,"1,899",733,38°57′N 92°20′W﻿ / ﻿38.95°N 92.33°W﻿ / 38.95; -92.33﻿ (Columbia)
Abilene,TX,"129,043","125,182",+3.08%,106.7,276.4,"1,173",453,32°27′N 99°44′W﻿ / ﻿32.45°N 99.74°W﻿ / 32.45; -99.74﻿ (Abilene)
Athens,GA,"128,628","127,315",+1.03%,116.3,301.2,"1,095",423,33°57′N 83°22′W﻿ / ﻿33.95°N 83.37°W﻿ / 33.95; -83.37﻿ (Athens)
Pearland,TX,"127,736","125,828",+1.52%,48.7,126.1,"2,584",998,29°34′N 95°19′W﻿ / ﻿29.56°N 95.32°W﻿ / 29.56; -95.32﻿ (Pearland)
Clovis,CA,"125,826","120,124",+4.75%,25.4,65.8,"4,729","1,826",36°50′N 119°41′W﻿ / ﻿36.83°N 119.68°W﻿ / 36.83; -119.68﻿ (Clovis)
Topeka,KS,"125,475","126,587",−0.88%,61.4,159.0,"2,062",796,39°02′N 95°41′W﻿ / ﻿39.03°N 95.69°W﻿ / 39.03; -95.69﻿ (Topeka)
College Station,TX,"125,192","120,511",+3.88%,51.2,132.6,"2,354",909,30°35′N 96°18′W﻿ / ﻿30.59°N 96.30°W﻿ / 30.59; -96.30﻿ (College Station)
Simi Valley,CA,"125,113","126,356",−0.98%,41.5,107.5,"3,045","1,176",34°16′N 118°45′W﻿ / ﻿34.27°N 118.75°W﻿ / 34.27; -118.75﻿ (Simi Valley)
Allentown,PA,"124,880","125,845",−0.77%,17.6,45.6,"7,150","2,760",40°35′N 75°29′W﻿ / ﻿40.59°N 75.48°W﻿ / 40.59; -75.48﻿ (Allentown)
West Palm Beach,FL,"124,130","117,415",+5.72%,53.8,139.3,"2,182",842,26°45′N 80°08′W﻿ / ﻿26.75°N 80.13°W﻿ / 26.75; -80.13﻿ (West Palm Beach)
Thousand Oaks,CA,"123,463","126,966",−2.76%,55.3,143.2,"2,296",886,34°11′N 118°52′W﻿ / ﻿34.19°N 118.87°W﻿ / 34.19; -118.87﻿ (Thousand Oaks)
Vallejo,CA,"122,807","126,090",−2.60%,30.4,78.7,"4,148","1,602",38°07′N 122°16′W﻿ / ﻿38.11°N 122.26°W﻿ / 38.11; -122.26﻿ (Vallejo)
Wilmington,NC,"122,698","115,451",+6.28%,51.4,133.1,"2,246",867,34°13′N 77°53′W﻿ / ﻿34.21°N 77.89°W﻿ / 34.21; -77.89﻿ (Wilmington)
Rochester,MN,"122,413","121,395",+0.84%,55.5,143.7,"2,187",844,44°01′N 92°29′W﻿ / ﻿44.02°N 92.48°W﻿ / 44.02; -92.48﻿ (Rochester)
Concord,CA,"122,315","125,410",−2.47%,30.6,79.3,"4,098","1,582",37°58′N 122°00′W﻿ / ﻿37.97°N 122.00°W﻿ / 37.97; -122.00﻿ (Concord)
Lakeland,FL,"122,264","112,641",+8.54%,66.2,171.5,"1,702",657,28°04′N 81°57′W﻿ / ﻿28.06°N 81.95°W﻿ / 28.06; -81.95﻿ (Lakeland)
North Charleston,SC,"121,469","114,852",+5.76%,77.6,201.0,"1,480",570,32°55′N 80°04′W﻿ / ﻿32.92°N 80.07°W﻿ / 32.92; -80.07﻿ (North Charleston)
Lafayette,LA,"121,467","121,374",+0.08%,55.8,144.5,"2,175",840,30°13′N 92°02′W﻿ / ﻿30.21°N 92.03°W﻿ / 30.21; -92.03﻿ (Lafayette)
Arvada,CO,"121,414","124,402",−2.40%,38.9,100.8,"3,198","1,235",39°50′N 105°09′W﻿ / ﻿39.83°N 105.15°W﻿ / 39.83; -105.15﻿ (Arvada)
Independence,MO,"120,922","123,011",−1.70%,78.0,202.0,"1,577",609,39°05′N 94°21′W﻿ / ﻿39.09°N 94.35°W﻿ / 39.09; -94.35﻿ (Independence)
Billings,MT,"120,864","117,116",+3.20%,44.8,116.0,"2,614","1,009",45°47′N 108°33′W﻿ / ﻿45.79°N 108.55°W﻿ / 45.79; -108.55﻿ (Billings)
Fairfield,CA,"120,768","119,881",+0.74%,41.6,107.7,"2,882","1,113",38°16′N 122°02′W﻿ / ﻿38.26°N 122.03°W﻿ / 38.26; -122.03﻿ (Fairfield)
Hartford,CT,"119,669","121,054",−1.14%,17.4,45.1,"6,957","2,686",41°46′N 72°41′W﻿ / ﻿41.77°N 72.68°W﻿ / 41.77; -72.68﻿ (Hartford)
Ann Arbor,MI,"119,381","123,851",−3.61%,28.2,73.0,"4,392","1,696",42°17′N 83°44′W﻿ / ﻿42.28°N 83.73°W﻿ / 42.28; -83.73﻿ (Ann Arbor)
Broken Arrow,OK,"119,194","113,540",+4.98%,63.0,163.2,"1,802",696,36°02′N 95°47′W﻿ / ﻿36.04°N 95.78°W﻿ / 36.04; -95.78﻿ (Broken Arrow)
Berkeley,CA,"118,962","124,321",−4.31%,10.4,26.9,"11,954","4,615",37°52′N 122°18′W﻿ / ﻿37.87°N 122.30°W﻿ / 37.87; -122.30﻿ (Berkeley)
Cambridge,MA,"118,214","118,403",−0.16%,6.4,16.6,"18,500","7,100",42°23′N 71°07′W﻿ / ﻿42.38°N 71.12°W﻿ / 42.38; -71.12﻿ (Cambridge)
Richardson,TX,"117,435","119,469",−1.70%,28.6,74.1,"4,177","1,613",32°58′N 96°43′W﻿ / ﻿32.97°N 96.71°W﻿ / 32.97; -96.71﻿ (Richardson)
Antioch,CA,"117,096","115,291",+1.57%,29.2,75.6,"3,948","1,524",37°59′N 121°48′W﻿ / ﻿37.98°N 121.80°W﻿ / 37.98; -121.80﻿ (Antioch)
High Point,NC,"116,926","114,059",+2.51%,56.4,146.1,"2,022",781,35°59′N 79°59′W﻿ / ﻿35.99°N 79.99°W﻿ / 35.99; -79.99﻿ (High Point)
Clearwater,FL,"116,850","117,292",−0.38%,26.1,67.6,"4,494","1,735",27°59′N 82°46′W﻿ / ﻿27.98°N 82.77°W﻿ / 27.98; -82.77﻿ (Clearwater)
League City,TX,"116,320","114,392",+1.69%,51.3,132.9,"2,230",860,29°29′N 95°07′W﻿ / ﻿29.49°N 95.11°W﻿ / 29.49; -95.11﻿ (League City)
Odessa,TX,"115,743","114,428",+1.15%,51.1,132.3,"2,239",864,31°53′N 102°21′W﻿ / ﻿31.88°N 102.35°W﻿ / 31.88; -102.35﻿ (Odessa)
Manchester,NH,"115,474","115,644",−0.15%,33.1,85.7,"3,494","1,349",42°59′N 71°26′W﻿ / ﻿42.98°N 71.44°W﻿ / 42.98; -71.44﻿ (Manchester)
Evansville,IN,"115,332","117,298",−1.68%,47.4,122.8,"2,475",956,37°59′N 87°32′W﻿ / ﻿37.99°N 87.53°W﻿ / 37.99; -87.53﻿ (Evansville)
Waterbury,CT,"114,990","114,403",+0.51%,28.5,73.8,"4,014","1,550",41°34′N 73°02′W﻿ / ﻿41.56°N 73.04°W﻿ / 41.56; -73.04﻿ (Waterbury)
West Jordan,UT,"114,908","116,961",−1.76%,32.3,83.7,"3,621","1,398",40°36′N 112°00′W﻿ / ﻿40.60°N 112.00°W﻿ / 40.60; -112.00﻿ (West Jordan)
Las Cruces,NM,"114,892","111,385",+3.15%,76.9,199.2,"1,448",559,32°20′N 106°47′W﻿ / ﻿32.33°N 106.79°W﻿ / 32.33; -106.79﻿ (Las Cruces)
Westminster,CO,"114,875","116,317",−1.24%,31.6,81.8,"3,681","1,421",39°53′N 105°04′W﻿ / ﻿39.88°N 105.06°W﻿ / 39.88; -105.06﻿ (Westminster)
Lowell,MA,"114,296","115,554",−1.09%,13.6,35.2,"8,497","3,281",42°38′N 71°19′W﻿ / ﻿42.64°N 71.32°W﻿ / 42.64; -71.32﻿ (Lowell)
Nampa,ID,"114,268","100,200",+14.04%,33.5,86.8,"2,991","1,155",43°35′N 116°34′W﻿ / ﻿43.58°N 116.56°W﻿ / 43.58; -116.56﻿ (Nampa)
Richmond,CA,"114,106","116,448",−2.01%,30.1,78.0,"3,869","1,494",37°57′N 122°22′W﻿ / ﻿37.95°N 122.36°W﻿ / 37.95; -122.36﻿ (Richmond)
Pompano Beach,FL,"113,619","112,046",+1.40%,24.0,62.2,"4,669","1,803",26°14′N 80°08′W﻿ / ﻿26.24°N 80.13°W﻿ / 26.24; -80.13﻿ (Pompano Beach)
Carlsbad,CA,"113,495","114,746",−1.09%,37.8,97.9,"3,036","1,172",33°08′N 117°17′W﻿ / ﻿33.13°N 117.28°W﻿ / 33.13; -117.28﻿ (Carlsbad)
Menifee,CA,"113,433","102,527",+10.64%,46.5,120.4,"2,205",851,33°41′N 117°11′W﻿ / ﻿33.69°N 117.18°W﻿ / 33.69; -117.18﻿ (Menifee)
Provo,UT,"113,343","115,162",−1.58%,41.7,108.0,"2,762","1,066",40°15′N 111°39′W﻿ / ﻿40.25°N 111.65°W﻿ / 40.25; -111.65﻿ (Provo)
Elgin,IL,"113,310","114,797",−1.30%,38.0,98.4,"3,021","1,166",42°02′N 88°20′W﻿ / ﻿42.04°N 88.33°W﻿ / 42.04; -88.33﻿ (Elgin)
Greeley,CO,"112,609","108,795",+3.51%,48.9,126.7,"2,225",859,40°25′N 104°46′W﻿ / ﻿40.41°N 104.77°W﻿ / 40.41; -104.77﻿ (Greeley)
Springfield,IL,"112,544","114,394",−1.62%,61.1,158.2,"1,872",723,39°47′N 89°38′W﻿ / ﻿39.79°N 89.64°W﻿ / 39.79; -89.64﻿ (Springfield)
Beaumont,TX,"112,193","115,282",−2.68%,82.5,213.7,"1,397",539,30°05′N 94°09′W﻿ / ﻿30.08°N 94.15°W﻿ / 30.08; -94.15﻿ (Beaumont)
Lansing,MI,"112,115","112,644",−0.47%,39.1,101.3,"2,881","1,112",42°43′N 84°34′W﻿ / ﻿42.71°N 84.56°W﻿ / 42.71; -84.56﻿ (Lansing)
Murrieta,CA,"111,878","110,949",+0.84%,33.6,87.0,"3,302","1,275",33°34′N 117°11′W﻿ / ﻿33.57°N 117.19°W﻿ / 33.57; -117.19﻿ (Murrieta)
Goodyear,AZ,"111,805","95,294",+17.33%,191.3,495.5,498,192,33°15′N 112°22′W﻿ / ﻿33.25°N 112.37°W﻿ / 33.25; -112.37﻿ (Goodyear)
Allen,TX,"111,620","104,627",+6.68%,26.4,68.4,"3,963","1,530",33°07′N 96°40′W﻿ / ﻿33.11°N 96.67°W﻿ / 33.11; -96.67﻿ (Allen)
Tuscaloosa,AL,"111,338","99,600",+11.79%,61.9,160.3,"1,609",621,33°14′N 87°32′W﻿ / ﻿33.23°N 87.53°W﻿ / 33.23; -87.53﻿ (Tuscaloosa)
Everett,WA,"111,180","110,629",+0.50%,33.2,86.0,"3,332","1,286",47°57′N 122°11′W﻿ / ﻿47.95°N 122.19°W﻿ / 47.95; -122.19﻿ (Everett)
Pueblo,CO,"111,077","111,876",−0.71%,55.4,143.5,"2,019",780,38°16′N 104°37′W﻿ / ﻿38.27°N 104.61°W﻿ / 38.27; -104.61﻿ (Pueblo)
New Braunfels,TX,"110,958","90,403",+22.74%,45.2,117.1,"2,000",770,29°42′N 98°07′W﻿ / ﻿29.70°N 98.12°W﻿ / 29.70; -98.12﻿ (New Braunfels)
South Fulton,GA,"110,920","107,436",+3.24%,85.2,220.7,"1,261",487,33°40′N 84°34′W﻿ / ﻿33.66°N 84.57°W﻿ / 33.66; -84.57﻿ (South Fulton)
Miami Gardens,FL,"110,717","111,640",−0.83%,18.2,47.1,"6,134","2,368",25°57′N 80°14′W﻿ / ﻿25.95°N 80.24°W﻿ / 25.95; -80.24﻿ (Miami Gardens)
Gresham,OR,"110,685","114,247",−3.12%,23.5,60.9,"4,862","1,877",45°30′N 122°26′W﻿ / ﻿45.50°N 122.44°W﻿ / 45.50; -122.44﻿ (Gresham)
Temecula,CA,"110,682","110,003",+0.62%,37.3,96.6,"2,949","1,139",33°29′N 117°08′W﻿ / ﻿33.49°N 117.13°W﻿ / 33.49; -117.13﻿ (Temecula)
Rio Rancho,NM,"110,660","104,046",+6.36%,103.4,267.8,"1,006",388,35°17′N 106°42′W﻿ / ﻿35.29°N 106.70°W﻿ / 35.29; -106.70﻿ (Rio Rancho)
Peoria,IL,"110,460","113,150",−2.38%,48.0,124.3,"2,357",910,40°45′N 89°37′W﻿ / ﻿40.75°N 89.62°W﻿ / 40.75; -89.62﻿ (Peoria)
Tyler,TX,"110,327","105,995",+4.09%,57.5,148.9,"1,843",712,32°19′N 95°19′W﻿ / ﻿32.32°N 95.31°W﻿ / 32.32; -95.31﻿ (Tyler)
Sparks,NV,"110,323","108,445",+1.73%,36.4,94.3,"2,979","1,150",39°34′N 119°43′W﻿ / ﻿39.57°N 119.72°W﻿ / 39.57; -119.72﻿ (Sparks)
Concord,NC,"110,119","105,240",+4.64%,63.5,164.5,"1,657",640,35°23′N 80°38′W﻿ / ﻿35.39°N 80.64°W﻿ / 35.39; -80.64﻿ (Concord)
Santa Maria,CA,"109,987","109,707",+0.26%,22.8,59.1,"4,812","1,858",34°56′N 120°26′W﻿ / ﻿34.93°N 120.44°W﻿ / 34.93; -120.44﻿ (Santa Maria)
Ventura,CA,"109,058","110,763",−1.54%,21.9,56.7,"5,058","1,953",34°16′N 119°15′W﻿ / ﻿34.27°N 119.25°W﻿ / 34.27; -119.25﻿ (Ventura)
Buckeye,AZ,"108,909","91,502",+19.02%,393.0,"1,017.9",233,90,33°26′N 112°38′W﻿ / ﻿33.43°N 112.64°W﻿ / 33.43; -112.64﻿ (Buckeye)
Downey,CA,"108,816","114,355",−4.84%,12.4,32.1,"9,222","3,561",33°56′N 118°08′W﻿ / ﻿33.94°N 118.13°W﻿ / 33.94; -118.13﻿ (Downey)
Sugar Land,TX,"108,515","111,026",−2.26%,40.5,104.9,"2,741","1,058",29°35′N 95°38′W﻿ / ﻿29.59°N 95.63°W﻿ / 29.59; -95.63﻿ (Sugar Land)
Costa Mesa,CA,"108,354","111,918",−3.18%,15.8,40.9,"7,083","2,735",33°40′N 117°55′W﻿ / ﻿33.67°N 117.91°W﻿ / 33.67; -117.91﻿ (Costa Mesa)
Conroe,TX,"108,248","89,956",+20.33%,72.0,186.5,"1,249",482,30°19′N 95°29′W﻿ / ﻿30.32°N 95.49°W﻿ / 30.32; -95.49﻿ (Conroe)
Spokane Valley,WA,"108,235","102,976",+5.11%,37.7,97.6,"2,731","1,054",47°40′N 117°14′W﻿ / ﻿47.66°N 117.23°W﻿ / 47.66; -117.23﻿ (Spokane Valley)
Davie,FL,"107,799","105,691",+1.99%,34.9,90.4,"3,028","1,169",26°05′N 80°17′W﻿ / ﻿26.08°N 80.28°W﻿ / 26.08; -80.28﻿ (Davie)
Hillsboro,OR,"107,730","106,447",+1.21%,25.7,66.6,"4,142","1,599",45°32′N 122°56′W﻿ / ﻿45.53°N 122.94°W﻿ / 45.53; -122.94﻿ (Hillsboro)
Jurupa Valley,CA,"107,321","105,053",+2.16%,42.9,111.1,"2,449",946,34°00′N 117°28′W﻿ / ﻿34.00°N 117.47°W﻿ / 34.00; -117.47﻿ (Jurupa Valley)
Centennial,CO,"106,883","108,418",−1.42%,29.7,76.9,"3,650","1,410",39°35′N 104°52′W﻿ / ﻿39.59°N 104.87°W﻿ / 39.59; -104.87﻿ (Centennial)
Edison,NJ,"106,836","107,588",−0.70%,30.1,78.0,"3,574","1,380",40°30′N 74°21′W﻿ / ﻿40.50°N 74.35°W﻿ / 40.50; -74.35﻿ (Edison)
Boulder,CO,"105,898","108,250",−2.17%,26.3,68.1,"4,116","1,589",40°01′N 105°15′W﻿ / ﻿40.02°N 105.25°W﻿ / 40.02; -105.25﻿ (Boulder)
Dearborn,MI,"105,811","109,976",−3.79%,24.2,62.7,"4,544","1,754",42°19′N 83°13′W﻿ / ﻿42.31°N 83.21°W﻿ / 42.31; -83.21﻿ (Dearborn)
Edinburg,TX,"105,799","100,243",+5.54%,44.7,115.8,"2,243",866,26°19′N 98°10′W﻿ / ﻿26.32°N 98.16°W﻿ / 26.32; -98.16﻿ (Edinburg)
Sandy Springs,GA,"105,793","108,080",−2.12%,37.7,97.6,"2,867","1,107",33°56′N 84°22′W﻿ / ﻿33.93°N 84.37°W﻿ / 33.93; -84.37﻿ (Sandy Springs)
Green Bay,WI,"105,744","107,395",−1.54%,45.5,117.8,"2,360",910,44°31′N 87°59′W﻿ / ﻿44.52°N 87.99°W﻿ / 44.52; -87.99﻿ (Green Bay)
West Covina,CA,"105,617","109,501",−3.55%,16.0,41.4,"6,844","2,642",34°04′N 117°55′W﻿ / ﻿34.06°N 117.91°W﻿ / 34.06; -117.91﻿ (West Covina)
Brockton,MA,"104,890","105,643",−0.71%,21.3,55.2,"4,960","1,920",42°05′N 71°01′W﻿ / ﻿42.08°N 71.02°W﻿ / 42.08; -71.02﻿ (Brockton)
St. George,UT,"104,578","95,342",+9.69%,78.5,203.3,"1,215",469,37°05′N 113°34′W﻿ / ﻿37.08°N 113.56°W﻿ / 37.08; -113.56﻿ (St. George)
Bend,OR,"104,557","99,178",+5.42%,33.6,87.0,"2,952","1,140",44°04′N 121°19′W﻿ / ﻿44.06°N 121.31°W﻿ / 44.06; -121.31﻿ (Bend)
Renton,WA,"104,491","106,785",−2.15%,23.5,60.9,"4,544","1,754",47°29′N 122°11′W﻿ / ﻿47.48°N 122.19°W﻿ / 47.48; -122.19﻿ (Renton)
Lee's Summit,MO,"104,184","101,108",+3.04%,63.9,165.5,"1,582",611,38°55′N 94°23′W﻿ / ﻿38.92°N 94.38°W﻿ / 38.92; -94.38﻿ (Lee's Summit)
Fishers,IN,"104,094","98,977",+5.17%,35.6,92.2,"2,780","1,070",39°58′N 85°58′W﻿ / ﻿39.96°N 85.97°W﻿ / 39.96; -85.97﻿ (Fishers)
El Monte,CA,"103,794","109,450",−5.17%,9.6,24.9,"11,401","4,402",34°04′N 118°02′W﻿ / ﻿34.07°N 118.03°W﻿ / 34.07; -118.03﻿ (El Monte)
South Bend,IN,"103,395","103,453",−0.06%,42.0,108.8,"2,463",951,41°41′N 86°16′W﻿ / ﻿41.68°N 86.27°W﻿ / 41.68; -86.27﻿ (South Bend)
Rialto,CA,"103,391","104,026",−0.61%,24.1,62.4,"4,316","1,666",34°07′N 117°23′W﻿ / ﻿34.12°N 117.39°W﻿ / 34.12; -117.39﻿ (Rialto)
Woodbridge,NJ,"103,194","103,639",−0.43%,23.3,60.3,"4,448","1,717",40°34′N 74°17′W﻿ / ﻿40.56°N 74.29°W﻿ / 40.56; -74.29﻿ (Woodbridge)
El Cajon,CA,"102,991","106,215",−3.04%,14.5,37.6,"7,325","2,828",32°48′N 116°58′W﻿ / ﻿32.80°N 116.96°W﻿ / 32.80; -116.96﻿ (El Cajon)
Inglewood,CA,"102,865","107,762",−4.54%,9.1,23.6,"11,842","4,572",33°58′N 118°20′W﻿ / ﻿33.96°N 118.34°W﻿ / 33.96; -118.34﻿ (Inglewood)
Burbank,CA,"102,755","107,337",−4.27%,17.3,44.8,"6,204","2,395",34°11′N 118°20′W﻿ / ﻿34.19°N 118.33°W﻿ / 34.19; -118.33﻿ (Burbank)
Wichita Falls,TX,"102,691","102,316",+0.37%,72.0,186.5,"1,421",549,33°55′N 98°32′W﻿ / ﻿33.91°N 98.53°W﻿ / 33.91; -98.53﻿ (Wichita Falls)
Vacaville,CA,"102,526","102,386",+0.14%,29.9,77.4,"3,424","1,322",38°22′N 121°58′W﻿ / ﻿38.36°N 121.97°W﻿ / 38.36; -121.97﻿ (Vacaville)
Carmel,IN,"102,296","99,757",+2.55%,49.1,127.2,"2,032",785,39°58′N 86°09′W﻿ / ﻿39.97°N 86.15°W﻿ / 39.97; -86.15﻿ (Carmel)
Palm Coast,FL,"102,113","89,258",+14.40%,95.4,247.1,937,362,29°32′N 81°14′W﻿ / ﻿29.54°N 81.24°W﻿ / 29.54; -81.24﻿ (Palm Coast)
Fayetteville,AR,"101,680","93,949",+8.23%,54.1,140.1,"1,737",671,"36°04′N 94°10′W﻿ / ﻿36.07°N 94.17°W﻿ / 36.07; -94.17﻿ (Fayetteville, AR)"
Quincy,MA,"101,597","101,636",−0.04%,16.6,43.0,"6,123","2,364",42°16′N 71°01′W﻿ / ﻿42.26°N 71.01°W﻿ / 42.26; -71.01﻿ (Quincy)
San Mateo,CA,"101,327","105,661",−4.10%,12.1,31.3,"8,732","3,371",37°34′N 122°19′W﻿ / ﻿37.56°N 122.31°W﻿ / 37.56; -122.31﻿ (San Mateo)
Chico,CA,"101,301","101,475",−0.17%,34.1,88.3,"2,976","1,149",39°46′N 121°49′W﻿ / ﻿39.76°N 121.82°W﻿ / 39.76; -121.82﻿ (Chico)
Lynn,MA,"101,241","101,253",−0.01%,10.7,27.7,"9,463","3,654",42°28′N 70°58′W﻿ / ﻿42.47°N 70.96°W﻿ / 42.47; -70.96﻿ (Lynn)
Albany,NY,"101,228","99,224",+2.02%,21.4,55.4,"4,637","1,790",42°40′N 73°48′W﻿ / ﻿42.67°N 73.80°W﻿ / 42.67; -73.80﻿ (Albany)
Yuma,AZ,"100,858","95,548",+5.56%,120.7,312.6,792,306,32°31′N 114°31′W﻿ / ﻿32.52°N 114.52°W﻿ / 32.52; -114.52﻿ (Yuma)
New Bedford,MA,"100,695","101,079",−0.38%,20.0,51.8,"5,054","1,951",41°40′N 70°56′W﻿ / ﻿41.66°N 70.94°W﻿ / 41.66; -70.94﻿ (New Bedford)
Suffolk,VA,"100,659","94,324",+6.72%,399.2,"1,033.9",236,91,36°42′N 76°38′W﻿ / ﻿36.70°N 76.63°W﻿ / 36.70; -76.63﻿ (Suffolk)
Hesperia,CA,"100,633","99,818",+0.82%,72.7,188.3,"1,373",530,34°24′N 117°19′W﻿ / ﻿34.40°N 117.32°W﻿ / 34.40; -117.32﻿ (Hesperia)
Davenport,IA,"100,354","101,724",−1.35%,63.8,165.2,"1,594",615,41°34′N 90°36′W﻿ / ﻿41.56°N 90.60°W﻿ / 41.56; -90.60﻿ (Davenport)
